Dorian-Feil,qwerty
April-Legros,qwerty
Meggie-Wiza,qwerty
Margaretta-Borer,qwerty
Lelah-Labadie,qwerty
Jakob-Moore,qwerty
Schmidt,qwerty
Reynolds,qwerty
McKenzie,qwerty
Ward,qwerty
McLaughlin,qwerty
Kling,qwerty
Ankunding,qwerty
Klein,qwerty
Hartmann,qwerty
Botsford,qwerty
Runolfsdottir,qwerty
Hoeger,qwerty
Hand,qwerty
Dicki,qwerty
Goodwin,qwerty
Bode,qwerty
Marvin,qwerty
Koepp,qwerty
Oberbrunner,qwerty
Base,qwerty
Arthus,qwerty
GilbertMD,qwerty
LurlineDDS,qwerty
DestinyIV,qwerty
OcieMD,qwerty
HellenPhD,qwerty
HershelPhD,qwerty
AmericoIV,qwerty
RachelI,qwerty
MyleneI,qwerty
JermainDDS,qwerty
CharleyMD,qwerty
JaniceV,qwerty
BerthaIII,qwerty
Crist,qwerty
Lang,qwerty
Stamm,qwerty
Treutel,qwerty
Schuppe,qwerty
Howell-Thompson,qwerty
Schumm,qwerty
Friesen,qwerty
Hilpert,qwerty
Hyatt,qwerty
Stokes-Mayert,qwerty
Runolfsson-Ward,qwerty
Stehr,qwerty
Cruickshank,qwerty
Brekke,qwerty
